activation_label,noncit_label,term,estimate,std.error,statistic,p.value,conf.low,conf.high,rel_year
Late activator (2011+),High noncitizen share (>1% pop.),factor(rel_year)-4,0.002733967897800201,0.0010522445315471586,2.598224857277552,0.009746132764055625,6.648198521093445e-4,0.004803115943491057,-4
Late activator (2011+),High noncitizen share (>1% pop.),factor(rel_year)-3,0.015110373868737634,0.005508615259500273,2.7430439696578857,0.006384186524849321,0.004278157442866869,0.025942590294608398,-3
Late activator (2011+),High noncitizen share (>1% pop.),factor(rel_year)-2,0.01912170419592736,0.004271816893725526,4.476246213645873,1.0137157736537636e-5,0.010721545000797139,0.027521863391057583,-2
Late activator (2011+),High noncitizen share (>1% pop.),factor(rel_year)-1,0.022076508486276014,0.005907322219115443,3.7371431026462156,2.1560915646364606e-4,0.010460269239133787,0.03369274773341824,-1
Late activator (2011+),High noncitizen share (>1% pop.),factor(rel_year)0,0.8936908658346159,0.07888368798989281,11.329222664502229,9.793929857505562e-26,0.7385729023312257,1.048808829338006,0
Late activator (2011+),High noncitizen share (>1% pop.),factor(rel_year)1,1.0583584085614246,0.12924550459613912,8.188744450869205,4.358809997723209e-15,0.8042082797351724,1.3125085373876768,1
Late activator (2011+),High noncitizen share (>1% pop.),factor(rel_year)2,0.8291726955988562,0.11849587984574578,6.9974812346070365,1.234367839106684e-11,0.5961607759790536,1.062184615218659,2
Late activator (2011+),High noncitizen share (>1% pop.),factor(rel_year)3,0.5676934680223541,0.06198919560955717,9.157942161372878,3.706198248167135e-18,0.44579706551896414,0.689589870525744,3
Late activator (2011+),Low noncitizen share (≤1% pop.),factor(rel_year)-4,2.580213682976369e-4,2.5830028886059646e-4,0.9989201693726711,0.31842397996222294,-2.497404496382811e-4,7.65783186233555e-4,-4
Late activator (2011+),Low noncitizen share (≤1% pop.),factor(rel_year)-3,0.002259217432148801,0.0014822777071979655,1.5241526072867475,0.1282434194520148,-6.546160235269766e-4,0.005173050887824579,-3
Late activator (2011+),Low noncitizen share (≤1% pop.),factor(rel_year)-2,0.0019279824137621202,0.0013098746156050484,1.4718831793465663,0.14182144783952752,-6.46944308238896e-4,0.004502909135763136,-2
Late activator (2011+),Low noncitizen share (≤1% pop.),factor(rel_year)-1,0.003498456827900874,0.0023548809160754674,1.4856194230539845,0.1381501758390958,-0.0011307234964556484,0.008127637152257398,-1
Late activator (2011+),Low noncitizen share (≤1% pop.),factor(rel_year)0,0.1870016937052428,0.02898054383334969,6.45266337238463,3.111825010163635e-10,0.130032289270953,0.2439710981395326,0
Late activator (2011+),Low noncitizen share (≤1% pop.),factor(rel_year)1,0.24424070110498156,0.03537623472260645,6.904089794183341,1.9376077854794647e-11,0.17469876859799627,0.31378263361196684,1
Late activator (2011+),Low noncitizen share (≤1% pop.),factor(rel_year)2,0.22880810459642864,0.03788513165057679,6.039522488842799,3.4750845467131418e-9,0.154334230004595,0.3032819791882623,2
Late activator (2011+),Low noncitizen share (≤1% pop.),factor(rel_year)3,0.17252564028677617,0.02821533280939492,6.114605893620009,2.2622963416887725e-9,0.11706047319709723,0.2279908073764551,3
Early activator (<2011),High noncitizen share (>1% pop.),factor(rel_year)-3,0.0035600583034866053,0.0015127295082422807,2.3534004487181734,0.018793858650514503,5.915986193281929e-4,0.006528517987645017,-3
Early activator (<2011),High noncitizen share (>1% pop.),factor(rel_year)-2,0.011539390219229327,0.002845849776798624,4.054813544027018,5.4041485392354436e-5,0.005954921691598198,0.017123858746860458,-2
Early activator (<2011),High noncitizen share (>1% pop.),factor(rel_year)-1,0.04100040054889286,0.006198043244476788,6.615055579908904,6.018156358316618e-11,0.028837855036524238,0.053162946061261485,-1
Early activator (<2011),High noncitizen share (>1% pop.),factor(rel_year)0,0.7951909666336162,0.05227861668401758,15.210635190290317,3.425125810663026e-47,0.692603580637294,0.8977783526299384,0
Early activator (<2011),High noncitizen share (>1% pop.),factor(rel_year)1,2.099685901906117,0.10436394465841721,20.118882136722416,6.006893450310214e-76,1.8948904242544486,2.304481379557785,1
Early activator (<2011),High noncitizen share (>1% pop.),factor(rel_year)2,1.9973169966671442,0.0940497443368157,21.236814738318177,5.1758403743593595e-83,1.8127612827420285,2.18187271059226,2
Early activator (<2011),High noncitizen share (>1% pop.),factor(rel_year)3,1.7440877344275278,0.12041844511824264,14.483559663263826,2.5035152444376607e-43,1.5077881860846825,1.9803872827703732,3
Early activator (<2011),High noncitizen share (>1% pop.),factor(rel_year)4,1.562663913998782,0.1698020369552951,9.202857292048826,1.9569141250260425e-19,1.229457945421192,1.8958698825763718,4
Early activator (<2011),Low noncitizen share (≤1% pop.),factor(rel_year)-3,0,1e-8,0,1,-1.9663961961774056e-8,1.9663961961774056e-8,-3
Early activator (<2011),Low noncitizen share (≤1% pop.),factor(rel_year)-2,0.00774005072535371,0.004018856039649766,1.925933810266127,0.05487855886160104,-1.6261250399818208e-4,0.015642713954705602,-2
Early activator (<2011),Low noncitizen share (≤1% pop.),factor(rel_year)-1,0.009299903477537216,0.004423816669269201,2.102235280711469,0.036208006274529664,6.009272065000577e-4,0.017998879748574375,-1
Early activator (<2011),Low noncitizen share (≤1% pop.),factor(rel_year)0,0.08988858017251714,0.014823678214277564,6.063851283950572,3.281991242920517e-9,0.06073935571860385,0.11903780462643042,0
Early activator (<2011),Low noncitizen share (≤1% pop.),factor(rel_year)1,0.41276503544494625,0.05058044098486882,8.160566167630394,5.276929692030631e-15,0.31330384869132444,0.5122262221985681,1
Early activator (<2011),Low noncitizen share (≤1% pop.),factor(rel_year)2,0.34149805912631737,0.037396929431152325,9.13171386851465,4.472224377374311e-18,0.26796087934418455,0.4150352389084502,2
Early activator (<2011),Low noncitizen share (≤1% pop.),factor(rel_year)3,0.288732941979338,0.030857301466112843,9.357037986501231,8.077593778916881e-19,0.22805526175207425,0.3494106222066018,3
Early activator (<2011),Low noncitizen share (≤1% pop.),factor(rel_year)4,0.245682346367783,0.04221280624541951,5.820090352188842,1.2756828572018617e-8,0.16267524473681622,0.3286894479987498,4
