outcome,term,estimate,std.error,statistic,p.value,conf.low,conf.high
Hired Labor Exp Per Acre,year::2002:early_activator,-104.01271902465649,783.9535541539955,-0.13267714454959256,0.8944611231212423,-1641.398125024022,1433.372686974709
Hired Labor Exp Per Acre,year::2012:early_activator,281.3842284825644,358.1224730699702,0.7857206672075767,0.4321176518794755,-420.91791778721534,983.6863747523441
Hired Labor Exp Per Acre,year::2017:early_activator,-423.8086374053838,509.4821768786482,-0.8318419301767436,0.4055904656722754,-1422.937296494491,575.3200216837232
Hired Workers Per Acre,year::2002:early_activator,-0.04030698152585475,0.1666531471546015,-0.241861508252602,0.8089104890153462,-0.36712470462532715,0.2865107415736176
Hired Workers Per Acre,year::2012:early_activator,0.04057082918640268,0.05361228644286677,0.7567449903416815,0.44928537796091716,-0.06456637154800687,0.14570802992081222
Hired Workers Per Acre,year::2017:early_activator,-0.011272740056583883,0.04822724725350932,-0.23374214160157375,0.8152073710436294,-0.1058495266811142,0.08330404656794645
Mechanization Share,year::2002:early_activator,0.001379283690208739,0.006296714417681452,0.219048157295438,0.8266336104177837,-0.010969096417067909,0.013727663797485388
Mechanization Share,year::2012:early_activator,0.0017870889635698609,0.005419231420256094,0.3297679735340421,0.7416078523838505,-0.008840474084026547,0.012414652011166268
Mechanization Share,year::2017:early_activator,0.003424595228596204,0.006110818198517269,0.5604151714785344,0.5752554737328706,-0.008559226948548021,0.015408417405740428
