het,outcome,term,estimate,std.error,statistic,p.value,conf.low,conf.high
het_noncit,Hired Labor Exp Per Acre,year::2002:het_noncit,646.8447424078612,333.4919506205046,1.939611259595092,0.05255753629184996,-7.155471404749733,1300.8449562204721
het_noncit,Hired Labor Exp Per Acre,year::2012:het_noncit,117.71428094882918,219.69290929855026,0.5358128367668986,0.5921433068879314,-313.1183355117264,548.5468974093848
het_noncit,Hired Labor Exp Per Acre,year::2017:het_noncit,-38.80551932161375,93.07938525357062,-0.4169077741102199,0.6767874682416395,-221.34047329611835,143.72943465289083
het_noncit,Hired Workers Per Acre,year::2002:het_noncit,0.014696924274870488,0.054816816378397214,0.2681097744425451,0.7886404942028765,-0.09280246650242537,0.12219631505216634
het_noncit,Hired Workers Per Acre,year::2012:het_noncit,0.013434775031698777,0.029214357949628976,0.45986891291134463,0.6456567273055568,-0.04385650689638882,0.07072605695978637
het_noncit,Hired Workers Per Acre,year::2017:het_noncit,-0.0028948073025287287,0.007855588428847374,-0.36850292358728814,0.7125344781658542,-0.01830013409985557,0.012510519494798112
het_noncit,Mechanization Share,year::2002:het_noncit,0.005431512875971735,0.0029474850732327815,1.8427617921791504,0.0655033375758846,-3.4875178795975605e-4,0.011211777539903225
het_noncit,Mechanization Share,year::2012:het_noncit,0.005718544494467075,0.0025822780458334815,2.2145347607682973,0.02689800973431241,6.54481345741329e-4,0.010782607643192822
het_noncit,Mechanization Share,year::2017:het_noncit,0.003356965459174908,0.003025037363758659,1.109726940695973,0.26724256962448767,-0.0025753857305220946,0.00928931664887191
het_undoc,Hired Labor Exp Per Acre,year::2002:het_undoc,331.9031448276622,295.1154293654887,1.1246553443216056,0.2608605949410358,-246.8381217765796,910.644411431904
het_undoc,Hired Labor Exp Per Acre,year::2012:het_undoc,-373.2447996051936,358.68776879552456,-1.0405841293628484,0.29818554612533454,-1076.6557126655289,330.1661134551418
het_undoc,Hired Labor Exp Per Acre,year::2017:het_undoc,-6.186402681361005,84.18976192157069,-0.07348165073948208,0.941429677366912,-171.28820557373552,158.9154002110135
het_undoc,Hired Workers Per Acre,year::2002:het_undoc,-0.00912314059942347,0.05663100411162799,-0.16109798409084228,0.8720313353988997,-0.12018027312391806,0.10193399192507112
het_undoc,Hired Workers Per Acre,year::2012:het_undoc,-0.028648382973168143,0.03835375169300118,-0.7469512553160716,0.45517450837867457,-0.10386261855665131,0.046565852610315026
het_undoc,Hired Workers Per Acre,year::2017:het_undoc,6.604749950595659e-5,0.008745761868723488,0.007551943501017909,0.9939751774779351,-0.01708496809908669,0.017217063098098603
het_undoc,Mechanization Share,year::2002:het_undoc,0.003231695753643068,0.003008165851122421,1.074307705619769,0.2828070499508506,-0.0026675689891694524,0.009130960496455589
het_undoc,Mechanization Share,year::2012:het_undoc,0.0061646462049791345,0.002613430278301427,2.3588332377421546,0.01842276081723986,0.0010394909237868627,0.011289801486171407
het_undoc,Mechanization Share,year::2017:het_undoc,0.004630113736832217,0.0029412622291309846,1.5741927703604361,0.11559210161766247,-0.0011379474095319,0.010398174883196333
het_early,Hired Labor Exp Per Acre,year::2002:het_early,-98.4197391915458,799.0564753713211,-0.12316994133088054,0.9019840293332304,-1665.4229848504706,1468.5835064673788
het_early,Hired Labor Exp Per Acre,year::2012:het_early,282.4163124452789,365.51035081980484,0.7726629678526095,0.4398067189937662,-434.3739567161181,999.2065816066759
het_early,Hired Labor Exp Per Acre,year::2017:het_early,-429.8990709416588,518.9451333184429,-0.8284094855897949,0.4075305001883297,-1447.5852211615356,587.7870792782179
het_early,Hired Workers Per Acre,year::2002:het_early,-0.03984137072643986,0.16991206943231899,-0.23448228757115963,0.8146328576520565,-0.37305005359322896,0.2933673121403493
het_early,Hired Workers Per Acre,year::2012:het_early,0.04089556162809925,0.05505252442674173,0.7428462555340015,0.45765573409815663,-0.0670660400051108,0.1488571632613093
het_early,Hired Workers Per Acre,year::2017:het_early,-0.011428491764366408,0.04976603401206342,-0.22964441493561874,0.8183898846145233,-0.10902293988136007,0.08616595635262726
het_early,Mechanization Share,year::2002:het_early,0.0011647253005322039,0.006445223981531082,0.18071137696218897,0.8566113931618535,-0.011474894399702886,0.013804345000767293
het_early,Mechanization Share,year::2012:het_early,0.002014700202266753,0.005545903700243847,0.36327717017123273,0.7164340472237984,-0.00886127771038242,0.012890678114915927
het_early,Mechanization Share,year::2017:het_early,0.0031725698729155,0.006256500279353495,0.5070837898601248,0.6121487432229474,-0.00909694696808917,0.01544208671392017
het_jail_cap,Hired Labor Exp Per Acre,year::2002:het_jail_cap,-92.24314182708243,531.0459088817128,-0.17370088025219874,0.8621199158451958,-1133.7685489819178,949.282265327753
het_jail_cap,Hired Labor Exp Per Acre,year::2012:het_jail_cap,110.40481862324447,429.6035452320507,0.25699233595386,0.7972138184985161,-732.1645334412633,952.9741706877523
het_jail_cap,Hired Labor Exp Per Acre,year::2017:het_jail_cap,15.216501185172053,125.02556442050852,0.12170711850572555,0.9031444482213851,-229.99262237638118,260.4256247467253
het_jail_cap,Hired Workers Per Acre,year::2002:het_jail_cap,0.060199496469302116,0.07524065993070878,0.8000926164754737,0.4237616715986171,-0.08736773146078938,0.20776672439939362
het_jail_cap,Hired Workers Per Acre,year::2012:het_jail_cap,0.02891086072216674,0.05180880496297497,0.5580298704598149,0.5768926971352498,-0.07270017960892201,0.1305219010532555
het_jail_cap,Hired Workers Per Acre,year::2017:het_jail_cap,0.029930857970858715,0.024968072183006538,1.1987652771698525,0.23077545948988173,-0.019038265933660908,0.07889998187537833
het_jail_cap,Mechanization Share,year::2002:het_jail_cap,-0.004634210975593848,0.002837690438152611,-1.6330925013127242,0.10262482624798588,-0.010199732720283839,9.31310769096143e-4
het_jail_cap,Mechanization Share,year::2012:het_jail_cap,0.004322107105038825,0.0024755644248972307,1.7459077459550465,0.08099796693187382,-5.331820596651713e-4,0.009177396269742823
het_jail_cap,Mechanization Share,year::2017:het_jail_cap,-1.3704919896443643e-4,0.002906974620607993,-0.04714495888367014,0.9624029367019005,-0.00583845702158389,0.0055643586236550175
het_jail_flow,Hired Labor Exp Per Acre,year::2002:het_jail_flow,-90.0013292709941,591.9691678168971,-0.1520371907255017,0.8791728763355096,-1250.9393510034056,1070.9366924614174
het_jail_flow,Hired Labor Exp Per Acre,year::2012:het_jail_flow,523.2074036840112,420.9469251565773,1.2429296246537413,0.214038880802767,-302.3310147235786,1348.745822091601
het_jail_flow,Hired Labor Exp Per Acre,year::2017:het_jail_flow,-121.41696017022015,145.87414586141617,-0.8323405045714481,0.40531575131128594,-407.4974716651024,164.66355132466214
het_jail_flow,Hired Workers Per Acre,year::2002:het_jail_flow,0.01883342628457445,0.06462152404152241,0.2914420011585161,0.7707433531658978,-0.1078987092070237,0.1455655617761726
het_jail_flow,Hired Workers Per Acre,year::2012:het_jail_flow,0.08253995830660028,0.055273682530336876,1.4932958060338815,0.13551664292222473,-0.02585971080447204,0.19093962741767262
het_jail_flow,Hired Workers Per Acre,year::2017:het_jail_flow,-0.012129597496706924,0.015216103644656658,-0.7971552888946309,0.4254549552835539,-0.04197057288920554,0.01771137789579169
het_jail_flow,Mechanization Share,year::2002:het_jail_flow,8.451033374369339e-4,0.002871174184542272,0.2943406714879132,0.7685284195946954,-0.004785733252221127,0.006475939927094995
het_jail_flow,Mechanization Share,year::2012:het_jail_flow,0.0037997694144485564,0.002316467373391381,1.640329347218724,0.10109538551182033,-7.431974717352348e-4,0.008342736300632347
het_jail_flow,Mechanization Share,year::2017:het_jail_flow,4.4188049479364466e-4,0.002600482902639751,0.16992247645431224,0.8650884462089002,-0.004658086744323375,0.005541847733910665
